﻿<?xml version="1.0" encoding="utf-8"?>
<ArrayOfString>
  <string>IR00000V.DBD</string>
  <string>ICI00001V.DBD</string>
  <string>ICI00002V.DBD</string>
  <string>ICI00003V.DBD</string>
  <string>ICI00004V.DBD</string>
  <string>ICI00005V.DBD</string>
  <string>ICI00006V.DBD</string>
  <string>ICI00007V.DBD</string>
  <string>ICI00008V.DBD</string>
  <string>ICI00009V.DBD</string>
  <string>ICI00010V.DBD</string>
  <string>ICI00011V.DBD</string>
  <string>ICI00012V.DBD</string>
  <string>ICI00013V.DBD</string>
  <string>ICI00014V.DBD</string>
  <string>ICI00015V.DBD</string>
  <string>ICI00016V.DBD</string>
  <string>ICI00017V.DBD</string>
  <string>ICI00018V.DBD</string>
  <string>ICI00019V.DBD</string>
  <string>ICI00020V.DBD</string>
  <string>ICI00021V.DBD</string>
  <string>ICI00022V.DBD</string>
  <string>ICI00023V.DBD</string>
  <string>ICI00024V.DBD</string>
  <string>ICI00025V.DBD</string>
  <string>ICI00026V.DBD</string>
  <string>ICI00027V.DBD</string>
  <string>ICI00028V.DBD</string>
  <string>ICI00029V.DBD</string>
  <string>ICI00030V.DBD</string>
  <string>ICI00031V.DBD</string>
  <string>ICI00032V.DBD</string>
  <string>ICI00033V.DBD</string>
  <string>ICI00034V.DBD</string>
  <string>ICI00037V.DBD</string>
  <string>ICI00038V.DBD</string>
  <string>ICI00039V.DBD</string>
  <string>ICI00040V.DBD</string>
  <string>ICI00041V.DBD</string>
  <string>ICI00042V.DBD</string>
  <string>ICI00043V.DBD</string>
  <string>ICI00044V.DBD</string>
  <string>ICI00045V.DBD</string>
  <string>ICI00048V.DBD</string>
  <string>ICI00049V.DBD</string>
  <string>ICI00050V.DBD</string>
  <string>ICI00051V.DBD</string>
  <string>ICI00046V.DBD</string>
  <string>ICI00052V.DBD</string>
  <string>ICI00053V.DBD</string>
  <string>ICI00054V.DBD</string>
  <string>ICI00047V.DBD</string>
  <string>ICI00036V.DBD</string>
  <string>ICI00035V.DBD</string>
  <string>ICI00061V.DBD</string>
  <string>ICI00062V.DBD</string>
  <string>ICI00063V.DBD</string>
  <string>ICI00064V.DBD</string>
  <string>ICI00065V.DBD</string>
  <string>ICI00066V.DBD</string>
  <string>ICI00069V.DBD</string>
  <string>ICI00067V.DBD</string>
  <string>ICI00068V.DBD</string>
  <string>ICI00056V.DBD</string>
  <string>ICI00073V.DBD</string>
  <string>ICI00074V.DBD</string>
  <string>ICI00075V.DBD</string>
  <string>ICI00076V.DBD</string>
  <string>ICI00077V.DBD</string>
  <string>ICI00078V.DBD</string>
  <string>ICI00081V.DBD</string>
  <string>ICI00079V.DBD</string>
  <string>ICI00080V.DBD</string>
  <string>ICI00070V.DBD</string>
  <string>ICI00082V.DBD</string>
  <string>ICI00083V.DBD</string>
  <string>ICI00084V.DBD</string>
  <string>ICI00085V.DBD</string>
  <string>ICI00071V.DBD</string>
  <string>ICI00086V.DBD</string>
  <string>ICI00087V.DBD</string>
  <string>ICI00088V.DBD</string>
  <string>ICI00072V.DBD</string>
  <string>ICI00057V.DBD</string>
  <string>ICI00089V.DBD</string>
  <string>ICI00091V.DBD</string>
  <string>ICI00092V.DBD</string>
  <string>ICI00093V.DBD</string>
  <string>ICI00094V.DBD</string>
  <string>ICI00090V.DBD</string>
  <string>ICI00058V.DBD</string>
  <string>ICI00095V.DBD</string>
  <string>ICI00096V.DBD</string>
  <string>ICI00108V.DBD</string>
  <string>ICI00109V.DBD</string>
  <string>ICI00110V.DBD</string>
  <string>ICI00111V.DBD</string>
  <string>ICI00112V.DBD</string>
  <string>ICI00113V.DBD</string>
  <string>ICI00114V.DBD</string>
  <string>ICI00125V.DBD</string>
  <string>ICI00124V.DBD</string>
  <string>ICI00115V.DBD</string>
  <string>ICI00126V.DBD</string>
  <string>ICI00116V.DBD</string>
  <string>ICI00117V.DBD</string>
  <string>ICI00118V.DBD</string>
  <string>ICI00127V.DBD</string>
  <string>ICI00128V.DBD</string>
  <string>ICI00129V.DBD</string>
  <string>ICI00119V.DBD</string>
  <string>ICI00130V.DBD</string>
  <string>ICI00131V.DBD</string>
  <string>ICI00120V.DBD</string>
  <string>ICI00121V.DBD</string>
  <string>ICI00132V.DBD</string>
  <string>ICI00122V.DBD</string>
  <string>ICI00123V.DBD</string>
  <string>ICI00097V.DBD</string>
  <string>ICI00098V.DBD</string>
  <string>ICI00133V.DBD</string>
  <string>ICI00134V.DBD</string>
  <string>ICI00135V.DBD</string>
  <string>ICI00136V.DBD</string>
  <string>ICI00137V.DBD</string>
  <string>ICI00138V.DBD</string>
  <string>ICI00139V.DBD</string>
  <string>ICI00140V.DBD</string>
  <string>ICI00141V.DBD</string>
  <string>ICI00142V.DBD</string>
  <string>ICI00143V.DBD</string>
  <string>ICI00099V.DBD</string>
  <string>ICI00100V.DBD</string>
  <string>ICI00101V.DBD</string>
  <string>ICI00102V.DBD</string>
  <string>ICI00145V.DBD</string>
  <string>ICI00146V.DBD</string>
  <string>ICI00147V.DBD</string>
  <string>ICI00144V.DBD</string>
  <string>ICI00103V.DBD</string>
  <string>ICI00104V.DBD</string>
  <string>ICI00105V.DBD</string>
  <string>ICI00106V.DBD</string>
  <string>ICI00151V.DBD</string>
  <string>ICI00152V.DBD</string>
  <string>ICI00150V.DBD</string>
  <string>ICI00148V.DBD</string>
  <string>ICI00153V.DBD</string>
  <string>ICI00154V.DBD</string>
  <string>ICI00155V.DBD</string>
  <string>ICI00156V.DBD</string>
  <string>ICI00149V.DBD</string>
  <string>ICI00107V.DBD</string>
  <string>ICI00059V.DBD</string>
  <string>ICI00060V.DBD</string>
  <string>ICI00055V.DBD</string>
  <string>ReSy104_ObjectCauseOfV01.DLL</string>
  <string>ReSy104_ObjectCauseOfV01.pdb</string>
  <string>ICI00123.DBD</string>
  <string>ReSyBasic_RtcSyncV01.DLL</string>
  <string>ReSyBasic_RtcSyncV01.pdb</string>
  <string>ICI00046.DBD</string>
  <string>ReSyBasic_ClockSoftV16.DLL</string>
  <string>ReSyBasic_ClockSoftV16.pdb</string>
  <string>ICI00047.DBD</string>
  <string>ReSyBasic_ClockMasterV03.DLL</string>
  <string>ReSyBasic_ClockMasterV03.pdb</string>
  <string>ICI00036.DBD</string>
  <string>ReSyBasic_Ex_ClockMaster.DLL</string>
  <string>ReSyBasic_Ex_ClockMaster.pdb</string>
  <string>ICI00035.DBD</string>
  <string>ReSy104_SearchV01.DLL</string>
  <string>ReSy104_SearchV01.pdb</string>
  <string>ICI00066.DBD</string>
  <string>ReSyBasic_IEEEToRealV10.DLL</string>
  <string>ReSyBasic_IEEEToRealV10.pdb</string>
  <string>ICI00067.DBD</string>
  <string>ReSyBasic_RealToIEEEV10.DLL</string>
  <string>ReSyBasic_RealToIEEEV10.pdb</string>
  <string>ICI00068.DBD</string>
  <string>ReSy104_CxSExFloatV01.DLL</string>
  <string>ReSy104_CxSExFloatV01.pdb</string>
  <string>ICI00056.DBD</string>
  <string>ReSyBasic_RGBxColorV01.DLL</string>
  <string>ReSyBasic_RGBxColorV01.pdb</string>
  <string>ICI00081.DBD</string>
  <string>ReSyBasic_NavClassIdV01.DLL</string>
  <string>ReSyBasic_NavClassIdV01.pdb</string>
  <string>ICI00079.DBD</string>
  <string>ReSyBasic_NavMessageV01.DLL</string>
  <string>ReSyBasic_NavMessageV01.pdb</string>
  <string>ICI00080.DBD</string>
  <string>ReSy104_LinkMgV05.DLL</string>
  <string>ReSy104_LinkMgV05.pdb</string>
  <string>ICI00070.DBD</string>
  <string>ReSy104_DecoderV05.DLL</string>
  <string>ReSy104_DecoderV05.pdb</string>
  <string>ICI00071.DBD</string>
  <string>ReSy104_EncoderV02.DLL</string>
  <string>ReSy104_EncoderV02.pdb</string>
  <string>ICI00072.DBD</string>
  <string>ReSy104_LinkManagerV03.DLL</string>
  <string>ReSy104_LinkManagerV03.pdb</string>
  <string>ICI00057.DBD</string>
  <string>ReSyBasic_NavDataV01.DLL</string>
  <string>ReSyBasic_NavDataV01.pdb</string>
  <string>ICI00094.DBD</string>
  <string>ReSyBasic_ConIpV09.DLL</string>
  <string>ReSyBasic_ConIpV09.pdb</string>
  <string>ICI00090.DBD</string>
  <string>ReSy104_ConnectMgTcpV06.DLL</string>
  <string>ReSy104_ConnectMgTcpV06.pdb</string>
  <string>ICI00058.DBD</string>
  <string>ReSy104_RegGANoRetainV02.DLL</string>
  <string>ReSy104_RegGANoRetainV02.pdb</string>
  <string>ICI00124.DBD</string>
  <string>ReSy104_RegGAV03.DLL</string>
  <string>ReSy104_RegGAV03.pdb</string>
  <string>ICI00115.DBD</string>
  <string>ReSy104_RegSDNoRetainV02.DLL</string>
  <string>ReSy104_RegSDNoRetainV02.pdb</string>
  <string>ICI00126.DBD</string>
  <string>ReSy104_RegSDV03.DLL</string>
  <string>ReSy104_RegSDV03.pdb</string>
  <string>ICI00116.DBD</string>
  <string>ReSy104_RegNTRetainV02.DLL</string>
  <string>ReSy104_RegNTRetainV02.pdb</string>
  <string>ICI00127.DBD</string>
  <string>ReSy104_RegNTNoRetainV02.DLL</string>
  <string>ReSy104_RegNTNoRetainV02.pdb</string>
  <string>ICI00128.DBD</string>
  <string>ReSy104_RegisterStateV01.DLL</string>
  <string>ReSy104_RegisterStateV01.pdb</string>
  <string>ICI00129.DBD</string>
  <string>ReSy104_RegNTV03.DLL</string>
  <string>ReSy104_RegNTV03.pdb</string>
  <string>ICI00119.DBD</string>
  <string>ReSy104_RegWTRetainV02.DLL</string>
  <string>ReSy104_RegWTRetainV02.pdb</string>
  <string>ICI00130.DBD</string>
  <string>ReSy104_RegWTNoRetainV02.DLL</string>
  <string>ReSy104_RegWTNoRetainV02.pdb</string>
  <string>ICI00131.DBD</string>
  <string>ReSy104_RegWTV03.DLL</string>
  <string>ReSy104_RegWTV03.pdb</string>
  <string>ICI00120.DBD</string>
  <string>ReSy104_ObjectNameV01.DLL</string>
  <string>ReSy104_ObjectNameV01.pdb</string>
  <string>ICI00122.DBD</string>
  <string>ReSy104_ObjectMgV05.DLL</string>
  <string>ReSy104_ObjectMgV05.pdb</string>
  <string>ICI00097.DBD</string>
  <string>ReSy104_ObjectRefV01.DLL</string>
  <string>ReSy104_ObjectRefV01.pdb</string>
  <string>ICI00098.DBD</string>
  <string>ReSyBasic_LicenceV05.DLL</string>
  <string>ReSyBasic_LicenceV05.pdb</string>
  <string>ICI00099.DBD</string>
  <string>ReSy104_100CxICxNAx1V01.DLL</string>
  <string>ReSy104_100CxICxNAx1V01.pdb</string>
  <string>ICI00100.DBD</string>
  <string>ReSy104_101CxCIxNAx1V01.DLL</string>
  <string>ReSy104_101CxCIxNAx1V01.pdb</string>
  <string>ICI00101.DBD</string>
  <string>ReSy104_102CxRDxNAx1V01.DLL</string>
  <string>ReSy104_102CxRDxNAx1V01.pdb</string>
  <string>ICI00102.DBD</string>
  <string>ReSyBasic_CP56Time2aV01.DLL</string>
  <string>ReSyBasic_CP56Time2aV01.pdb</string>
  <string>ICI00144.DBD</string>
  <string>ReSy104_103CxSCxNAx1V02.DLL</string>
  <string>ReSy104_103CxSCxNAx1V02.pdb</string>
  <string>ICI00103.DBD</string>
  <string>ReSy104_070MxEIxNAx1V01.DLL</string>
  <string>ReSy104_070MxEIxNAx1V01.pdb</string>
  <string>ICI00104.DBD</string>
  <string>ReSy104_105CxRPxNCx1V01.DLL</string>
  <string>ReSy104_105CxRPxNCx1V01.pdb</string>
  <string>ICI00105.DBD</string>
  <string>ReSy104_107CxTSxTAx1V01.DLL</string>
  <string>ReSy104_107CxTSxTAx1V01.pdb</string>
  <string>ICI00106.DBD</string>
  <string>ReSyBasic_DiagTADataV01.DLL</string>
  <string>ReSyBasic_DiagTADataV01.pdb</string>
  <string>ICI00151.DBD</string>
  <string>ReSyBasic_DiagTAMessV01.DLL</string>
  <string>ReSyBasic_DiagTAMessV01.pdb</string>
  <string>ICI00152.DBD</string>
  <string>ReSyBasic_ConIpV07.DLL</string>
  <string>ReSyBasic_ConIpV07.pdb</string>
  <string>ICI00150.DBD</string>
  <string>ReSyBasic_NavConnectV01.DLL</string>
  <string>ReSyBasic_NavConnectV01.pdb</string>
  <string>ICI00148.DBD</string>
  <string>ReSyBasic_NavServicesV01.DLL</string>
  <string>ReSyBasic_NavServicesV01.pdb</string>
  <string>ICI00149.DBD</string>
  <string>ReSyBasic_NavServerV01.DLL</string>
  <string>ReSyBasic_NavServerV01.pdb</string>
  <string>ICI00107.DBD</string>
  <string>ReSy104_ObjectManagerV06.DLL</string>
  <string>ReSy104_ObjectManagerV06.pdb</string>
  <string>ICI00059.DBD</string>
  <string>ReSy104_CxSCxSingleCoV01.DLL</string>
  <string>ReSy104_CxSCxSingleCoV01.pdb</string>
  <string>ICI00060.DBD</string>
  <string>ReSy104_Ex_RtuSelect.DLL</string>
  <string>ReSy104_Ex_RtuSelect.pdb</string>
  <string>ICI00055.DBD</string>
  <string>__STD_TSK.DLL</string>
  <string>__STD_TSK.pdb</string>
  <string>eCLRStringConstantContainer.dat</string>
</ArrayOfString>